,상품명,url,tags
0,[힛탠다드 이벤트] 힛탠다드 맨즈 크루 넥 티셔츠 [블랙]...,https://www.musinsa.com/app/goods/1639756,"['#동내의', '#내복', '#이너웨어', '#기능성', '#발열', '#기모', '#히트', '#언더웨어', '#힛탠다드']"
1,사피아노 신세틱 레더 벨트,https://www.musinsa.com/app/goods/1220731,"['#가죽', '#수트', '#인조가죽', '#정장', '#클래식', '#페이크레더', '#레더컬렉션']"
2,[유아인 착용 상품] 테이퍼드 히든 밴딩 크롭 슬랙스 [블...,https://www.musinsa.com/app/goods/1149328,"['#정장바지', '#퍼펙트슬랙스', '#정장팬츠', '#허리밴딩', '#셋업', '#유아인착장상품', '#무탠픽업']"
3,[힛탠다드 이벤트] 힛탠다드 맨즈 타이즈 [블랙],https://www.musinsa.com/app/goods/1639235,"['#동내의', '#내복', '#이너웨어', '#기능성', '#발열', '#기모', '#히트', '#언더웨어', '#힛탠다드', '#무탠픽업']"
4,[유아인 착용 상품] 세미 와이드 히든 밴딩 슬랙스 [블랙...,https://www.musinsa.com/app/goods/1149329,"['#루즈핏', '#셋업팬츠', '#와이드핏', '#정장바지', '#퍼펙트슬랙스', '#와이드', '#유아인착장상품', '#무탠픽업']"
5,릴렉스 핏 크루 넥 반팔 티셔츠 [화이트],https://www.musinsa.com/app/goods/996177,"['#기본티', '#라운드넥', '#무지티', '#반팔티', '#MU-T', '#유아인착장상품', '#베이식']"
6,[유아인 착용 상품] 와이드 히든 밴딩 슬랙스 [블랙],https://www.musinsa.com/app/goods/1168906,"['#정장바지', '#퍼펙트슬랙스', '#트라우저', '#셋업', '#와이드팬츠', '#루즈핏', '#와이드핏', '#유아인착장상품', '#무탠픽업']"
7,베이식 긴팔 티셔츠 [화이트],https://www.musinsa.com/app/goods/1144989,"['#기본티', '#긴팔티', '#라운드넥', '#루즈핏', '#면티셔츠', '#무지티', '#무탠픽업', '#긴소매티']"
8,맨즈 드로즈 3팩,https://www.musinsa.com/app/goods/803032,"['#기능성', '#언더웨어', '#에어로쿨', '#무탠픽업', '#세트상품']"
9,라이트웨이트 크루 삭스 7팩 [화이트],https://www.musinsa.com/app/goods/991339,"['#여름양말', '#커플양말', '#얇은양말', '#면양말', '#코마사', '#팩양말', '#라이트웨이트컬렉션', '#라이트웨이트', '#세트상품']"
10,베이식 블레이저 [블랙],https://www.musinsa.com/app/goods/1108007,"['#블레이저', '#셋업', '#정장', '#퍼펙트블레이저', '#재킷', '#테일러드재킷', '#투버튼', '#무탠픽업']"
11,와이드 히든 밴딩 슬랙스 [미디엄 그레이],https://www.musinsa.com/app/goods/1222184,"['#정장바지', '#퍼펙트슬랙스', '#트라우저', '#셋업', '#와이드팬츠', '#루즈핏', '#와이드핏', '#무탠픽업']"
12,레이어드 크루 넥 반팔 티셔츠_긴 기장 [화이트],https://www.musinsa.com/app/goods/1382658,"['#기본티셔츠', '#라운드넥', '#MU-T', '#레귤러핏', '#베이직티', '#무지티', '#무탠픽업', '#레이어드티셔츠']"
13,릴렉스 핏 크루 넥 반팔 티셔츠 [블랙],https://www.musinsa.com/app/goods/996178,"['#기본티', '#라운드넥', '#루즈핏', '#면티셔츠', '#무지티', '#반팔티', '#MU-T']"
14,베이식 긴팔 티셔츠 [블랙],https://www.musinsa.com/app/goods/1129745,"['#기본티', '#긴팔티', '#라운드넥', '#무지티', '#MU-T', '#무탠픽업', '#긴소매티']"
15,브이넥 라이트 다운 베스트 [블랙],https://www.musinsa.com/app/goods/606312,"['#경량패딩', '#기능성', '#덕다운', '#아웃도어', '#조끼', '#브이넥', '#라이트다운', '#겨울아우터']"
16,레이어드 크루 넥 반팔 티셔츠_일반 기장 [화이트],https://www.musinsa.com/app/goods/2086653,"['#레귤러핏', '#베이직티', '#무지티', '#기본티셔츠', '#라운드넥', '#MU-T', '#무탠픽업', '#무지', '#레이어드티셔츠', '#티셔츠컬렉션']"
17,[유아인 착용 상품] 릴렉스드 베이식 블레이저 [블랙],https://www.musinsa.com/app/goods/1558197,"['#수트', '#정장', '#자켓', '#셋업', '#투버튼', '#블레이저', '#무탠픽업', '#유아인착용상품']"
18,라이트웨이트 크루 삭스 7팩 [블랙],https://www.musinsa.com/app/goods/991340,"['#양말', '#여름양말', '#커플양말', '#면양말', '#라이트웨이트', '#세트상품', '#ACC']"
19,[논슬립 패드 5SET 증정] 무신사 스탠다드 상의용 옷걸...,https://www.musinsa.com/app/goods/1136908,"['#라이프스타일', '#생활용품', '#행거', '#세트상품']"
20,크루 삭스 7팩 [블랙],https://www.musinsa.com/app/goods/746159,"['#기능성', '#발목양말', '#삭스', '#쿠션양말', '#풋웨어', '#세트상품', '#ACC']"
21,베이식 긴팔 티셔츠 2팩,https://www.musinsa.com/app/goods/2149254,"['#티셔츠', '#무지티', '#이너', '#면티셔츠', '#라운드넥', '#세트상품', '#긴소매티']"
22,쿨탠다드 맨즈 드로즈 3팩,https://www.musinsa.com/app/goods/1504726,"['#기능성', '#남자속옷', '#남자팬티', '#속옷', '#언더웨어', '#무탠픽업', '#세트상품']"
23,오버사이즈 블레이저 [블랙],https://www.musinsa.com/app/goods/1283757,"['#블레이저', '#셋업', '#테일러드재킷', '#퍼펙트블레이저', '#재킷', '#오버사이즈재킷', '#투버튼', '#무탠픽업']"
24,베이식 크루 넥 반팔 티셔츠 [화이트],https://www.musinsa.com/app/goods/996497,"['#기본티', '#라운드넥', '#면티셔츠', '#무지티', '#반팔티', '#MU-T']"
25,유틸리티 쇼츠 [블랙],https://www.musinsa.com/app/goods/763134,"['#반바지', '#벨티드팬츠', '#아웃도어', '#올데이쇼츠', '#하프팬츠']"
26,[힛탠다드 이벤트] 힛탠다드 맨즈 크루 넥 티셔츠 [화이트...,https://www.musinsa.com/app/goods/1639241,"['#동내의', '#내복', '#이너웨어', '#기능성', '#발열', '#기모', '#히트', '#언더웨어', '#힛탠다드']"
27,폰테 크루 넥 긴팔 티셔츠 [오프 화이트],https://www.musinsa.com/app/goods/1190264,"['#기본티', '#라운드넥', '#무지티', '#MU-T', '#긴팔티', '#무탠픽업', '#긴소매티']"
28,세미 와이드 히든 밴딩 슬랙스 [미디엄 그레이],https://www.musinsa.com/app/goods/1224095,"['#루즈핏', '#밴딩슬랙스', '#셋업팬츠', '#와이드핏', '#정장바지', '#퍼펙트슬랙스', '#밴딩', '#와이드', '#무탠픽업']"
29,스웨트셔츠 [블랙],https://www.musinsa.com/app/goods/947067,"['#기본', '#베이직', '#스웨트셋업', '#스웨트컬렉션', '#이지웨어', '#트레이닝복', '#무지', '#무탠픽업']"
30,[힛탠다드 이벤트] 힛탠다드 우먼즈 타이즈 [블랙],https://www.musinsa.com/app/goods/1639242,"['#동내의', '#내복', '#이너웨어', '#기능성', '#발열', '#기모', '#히트', '#언더웨어', '#무신사스탠다드우먼즈', '#힛탠다드']"
31,[유아인 착용 상품] 캐시미어 블렌드 오버사이즈 싱글 코트...,https://www.musinsa.com/app/goods/865862,"['#롱코트', '#루즈핏', '#오버핏', '#울코트', '#코트컬렉션', '#무탠픽업', '#유아인착용상품', '#겨울아우터']"
32,라운지 스웨트 팬츠 [멜란지 그레이],https://www.musinsa.com/app/goods/1212777,"['#스웨트셋업', '#스웨트컬렉션', '#이지웨어', '#트랙팬츠', '#트레이닝팬츠', '#셋업', '#무탠픽업', '#시즌오프캐주얼팬츠']"
33,크루 삭스 7팩 [화이트],https://www.musinsa.com/app/goods/746158,"['#기능성', '#발목양말', '#삭스', '#쿠션양말', '#풋웨어', '#세트상품', '#ACC']"
34,[힛탠다드 이벤트] 힛탠다드 우먼즈 크루 넥 티셔츠 [블랙...,https://www.musinsa.com/app/goods/1639757,"['#동내의', '#내복', '#이너웨어', '#기능성', '#발열', '#기모', '#히트', '#언더웨어', '#무신사스탠다드우먼즈', '#힛탠다드']"
35,후디드 스웨트 집업 [멜란지 그레이],https://www.musinsa.com/app/goods/947088,"['#베이직', '#스웨트셋업', '#스웨트컬렉션', '#이지웨어', '#집업재킷', '#트레이닝복', '#단독후디', '#베이식', '#환절기아우터']"
36,라운지 스웨트 팬츠 [블랙],https://www.musinsa.com/app/goods/1212776,"['#스웨트셋업', '#스웨트컬렉션', '#이지웨어', '#트랙팬츠', '#트레이닝팬츠', '#무탠픽업', '#시즌오프캐주얼팬츠']"
37,무신사 스탠다드 하의용 옷걸이 8팩 [블랙],https://www.musinsa.com/app/goods/1136909,"['#라이프스타일', '#생활용품', '#행거', '#세트상품']"
38,라이트웨이트 미들 삭스 7팩 [화이트],https://www.musinsa.com/app/goods/1094748,"['#면양말', '#얇은양말', '#양말', '#여름양말', '#커플양말', '#팩양말', '#라이트웨이트', '#세트상품']"
39,페이크 삭스 7팩 [화이트],https://www.musinsa.com/app/goods/792919,"['#덧신', '#데일리양말', '#얇은양말', '#여름양말', '#캐주얼양말', '#팩양말', '#삭스', '#세트상품']"
40,우먼즈 베이식 크루 넥 반팔 티셔츠 [화이트],https://www.musinsa.com/app/goods/1417691,"['#기본티', '#라운드넥', '#무신사스탠다드우먼즈', '#무지티', '#여름티', '#MU-T', '#반소매']"
41,[유아인 착용 상품] 리얼 와이드 히든 밴딩 슬랙스 [블랙...,https://www.musinsa.com/app/goods/1168922,"['#루즈핏', '#밴딩슬랙스', '#셋업팬츠', '#와이드핏', '#정장바지', '#퍼펙트슬랙스', '#밴딩', '#와이드', '#유아인착장상품']"
42,릴렉스 핏 옥스포드 셔츠 [화이트],https://www.musinsa.com/app/goods/854337,"['#옥스포드셔츠', '#긴팔셔츠', '#남방', '#기본셔츠', '#무탠픽업', '#긴소매셔츠', '#셔츠컬렉션']"
43,릴렉스 핏 크루 넥 반팔 티셔츠 2팩,https://www.musinsa.com/app/goods/2034137,"['#MU-T', '#기본티', '#무지티', '#라운드넥', '#면티셔츠', '#반팔티', '#세트상품', '#무지', '#티셔츠컬렉션']"
44,베이식 옥스포드 셔츠 [화이트],https://www.musinsa.com/app/goods/728000,"['#레귤러핏', '#긴팔셔츠', '#남방', '#기본셔츠', '#무탠픽업', '#긴소매셔츠', '#셔츠컬렉션']"
45,라이트웨이트 테이퍼드 히든 밴딩 크롭 슬랙스 [블랙],https://www.musinsa.com/app/goods/1323968,"['#라이트웨이트컬렉션', '#셋업', '#퍼펙트슬랙스', '#허리밴딩', '#정장바지', '#여름슬랙스', '#라이트웨이트']"
46,[쿨탠다드] 테이퍼드 히든 밴딩 크롭 슬랙스 [블랙],https://www.musinsa.com/app/goods/1440874,"['#여름바지', '#여름슬랙스', '#정장바지', '#밴딩', '#테이퍼드', '#퍼펙트슬랙스', '#쿨맥스']"
47,폰테 크루 넥 긴팔 티셔츠 [블랙],https://www.musinsa.com/app/goods/1190268,"['#기본티', '#라운드넥', '#무지티', '#MU-T', '#긴팔티', '#무탠픽업', '#긴소매티']"
48,라이트웨이트 세미 와이드 히든 밴딩 슬랙스 [블랙],https://www.musinsa.com/app/goods/1312035,"['#라이트웨이트컬렉션', '#셋업', '#퍼펙트슬랙스', '#허리밴딩', '#정장바지', '#여름슬랙스', '#와이드핏', '#라이트웨이트']"
49,테이퍼드 히든 밴딩 크롭 슬랙스 [미디엄 그레이],https://www.musinsa.com/app/goods/1216295,"['#정장바지', '#퍼펙트슬랙스', '#정장팬츠', '#기본슬랙스', '#트라우저', '#허리밴딩', '#셋업', '#무탠픽업']"
50,베이식 크루 넥 반팔 티셔츠 [블랙],https://www.musinsa.com/app/goods/996498,"['#기본티', '#라운드넥', '#면티셔츠', '#무지티', '#반팔티', '#MU-T']"
51,라이트웨이트 베이식 블레이저 [블랙],https://www.musinsa.com/app/goods/965917,"['#블레이저', '#셋업', '#정장', '#수트', '#여름자켓', '#여름블레이저', '#라이트웨이트']"
52,우먼즈 플랫 테리 와이드 라운지 스웨트 팬츠 [블랙],https://www.musinsa.com/app/goods/1324127,"['#무신사스탠다드우먼즈', '#트레이닝복', '#우먼즈스웨트컬렉션', '#라운지웨어', '#트레이닝팬츠', '#바지', '#스웨트시리즈', '#스웨트컬렉션', '#무탠픽업']"
53,크루 넥 긴팔 티셔츠 [블랙],https://www.musinsa.com/app/goods/996234,"['#기본티', '#긴팔티', '#라운드넥', '#무지티', '#MU-T', '#무탠픽업', '#긴소매티']"
54,세미 와이드 슬릿 히든 밴딩 슬랙스 [블랙],https://www.musinsa.com/app/goods/1221497,"['#루즈핏', '#와이드핏', '#정장바지', '#퍼펙트슬랙스', '#셋업', '#밴딩팬츠', '#트라우저', '#기본슬랙스', '#무탠픽업']"
55,스웨트 팬츠 [멜란지 그레이],https://www.musinsa.com/app/goods/947202,"['#스웨트셋업', '#스웨트컬렉션', '#이지웨어', '#트랙팬츠', '#트레이닝팬츠', '#조거', '#스웨트팬츠', '#무탠픽업', '#시즌오프캐주얼팬츠']"
56,와이드 히든 밴딩 슬랙스 [더스티 베이지],https://www.musinsa.com/app/goods/1249102,"['#정장바지', '#퍼펙트슬랙스', '#트라우저', '#셋업', '#와이드팬츠', '#루즈핏', '#와이드핏', '#무탠픽업']"
57,[유아인 착용 상품] [쿨탠다드] 릴렉스 핏 크루 넥 반팔...,https://www.musinsa.com/app/goods/1388775,"['#기능성', '#MU-T', '#라운드넥', '#여름티', '#무지티', '#무탠픽업', '#유아인착장상품']"
58,레이어드 크루 넥 반팔 티셔츠_일반 기장 2팩,https://www.musinsa.com/app/goods/2122566,"['#라운드넥', '#레귤러핏', '#무지티', '#베이직티', '#기본티셔츠', '#MU-T', '#세트상품', '#레이어드티셔츠', '#티셔츠컬렉션']"
59,크루 넥 긴팔 티셔츠 [화이트],https://www.musinsa.com/app/goods/996233,"['#기본티', '#긴팔티', '#라운드넥', '#무지티', '#MU-T', '#무탠픽업', '#긴소매티']"
60,무신사 스탠다드 아우터용 옷걸이 10팩 [블랙],https://www.musinsa.com/app/goods/1291189,"['#라이프스타일', '#생활용품', '#행거', '#세트상품']"
61,힛탠다드 맨즈 타이즈 [블랙],https://www.musinsa.com/app/goods/1595638,"['#동내의', '#내복', '#이너웨어', '#기능성', '#발열', '#기모', '#언더웨어', '#홀리데이']"
62,테이퍼드 히든 밴딩 크롭 슬랙스 [더스티 베이지],https://www.musinsa.com/app/goods/1231416,"['#정장바지', '#퍼펙트슬랙스', '#정장팬츠', '#기본슬랙스', '#트라우저', '#허리밴딩', '#셋업', '#무탠픽업']"
63,와이드 데님 팬츠 [라이트 인디고],https://www.musinsa.com/app/goods/1666442,"['#청바지', '#루즈핏', '#통청바지', '#와이드팬츠', '#시즌오프캐주얼팬츠', '#데님컬렉션']"
64,[유아인 착용 상품] 레플리카 퍼티그 팬츠 [카키],https://www.musinsa.com/app/goods/1627892,"['#밀리터리', '#레플리카', '#군용', '#포켓', '#백사틴', '#바지', '#면바지', '#캐주얼팬츠', '#유아인착용상품']"
65,라이트웨이트 크루 삭스 7팩 [모노],https://www.musinsa.com/app/goods/991341,"['#여름양말', '#커플양말', '#면양말', '#라이트웨이트컬렉션', '#라이트웨이트', '#세트상품', '#ACC']"
66,페이크 삭스 7팩 [블랙],https://www.musinsa.com/app/goods/792920,"['#기능성', '#발목양말', '#삭스', '#쿠션양말', '#풋웨어', '#세트상품']"
67,[유아인 착용 상품] 레귤러 핏 데님 팬츠 [라이트 인디고...,https://www.musinsa.com/app/goods/1322221,"['#워싱진', '#청바지', '#레귤러진', '#기본데님', '#정호연PICK', '#유아인착장상품', '#시즌오프캐주얼팬츠', '#데님컬렉션']"
68,세미 와이드 히든 밴딩 슬랙스 [더스티 베이지],https://www.musinsa.com/app/goods/1254403,"['#루즈핏', '#밴딩슬랙스', '#셋업팬츠', '#와이드핏', '#정장바지', '#퍼펙트슬랙스', '#밴딩', '#와이드', '#무탠픽업']"
69,베이식 드레스 셔츠 [화이트],https://www.musinsa.com/app/goods/983339,"['#기본셔츠', '#사계절셔츠', '#수트', '#와이셔츠', '#정장', '#클래식', '#포멀', '#긴팔셔츠', '#긴소매셔츠', '#셔츠컬렉션']"
70,스웨트 팬츠 [블랙],https://www.musinsa.com/app/goods/947201,"['#스웨트셋업', '#스웨트컬렉션', '#이지웨어', '#트랙팬츠', '#트레이닝팬츠', '#조거', '#무탠픽업', '#시즌오프캐주얼팬츠']"
71,나일론 이지 쇼츠_7.5인치 [블랙],https://www.musinsa.com/app/goods/1034119,"['#여름바지', '#이지팬츠', '#바지', '#팬츠', '#반바지', '#이지웨어', '#올데이쇼츠']"
72,[쿨탠다드] 세미 와이드 히든 밴딩 슬랙스 [블랙],https://www.musinsa.com/app/goods/1436504,"['#여름바지', '#여름슬랙스', '#정장바지', '#밴딩', '#와이드', '#퍼펙트슬랙스', '#쿨맥스']"
73,릴렉스 핏 실키 셔츠 [화이트],https://www.musinsa.com/app/goods/983818,"['#드레스셔츠', '#루즈핏', '#사계절', '#실크', '#오버사이즈셔츠', '#오버핏', '#긴팔셔츠', '#긴소매셔츠', '#셔츠컬렉션']"
74,테이퍼드 히든 밴딩 10부 슬랙스 [블랙],https://www.musinsa.com/app/goods/1168907,"['#정장바지', '#퍼펙트슬랙스', '#정장팬츠', '#기본슬랙스', '#트라우저', '#허리밴딩', '#셋업', '#무탠픽업']"
75,이지 웨빙 벨트,https://www.musinsa.com/app/goods/735511,"['#패션소품', '#D링', '#무탠픽업']"
76,헤비웨이트 오버사이즈 후디드 스웨트 집업 [미디엄 그레이]...,https://www.musinsa.com/app/goods/1642916,"['#맨투맨', '#스웻', '#스웨트컬렉션', '#후드집업', '#이지웨어', '#원마일웨어', '#라운지웨어', '#베이식', '#기모&헤비웨이트', '#환절기아우터']"
77,[유아인 착용 상품] 레귤러 핏 데님 팬츠 [워시드 블랙]...,https://www.musinsa.com/app/goods/1322219,"['#워싱진', '#청바지', '#레귤러진', '#기본데님', '#정호연PICK', '#유아인착장상품', '#시즌오프캐주얼팬츠', '#데님컬렉션']"
78,라이트웨이트 테이퍼드 히든 밴딩 크롭 슬랙스 [라이트 베이...,https://www.musinsa.com/app/goods/1323974,"['#라이트웨이트컬렉션', '#셋업', '#퍼펙트슬랙스', '#허리밴딩', '#정장바지', '#여름슬랙스', '#라이트웨이트']"
79,라이트웨이트 크루 삭스 10팩 [화이트/블랙],https://www.musinsa.com/app/goods/1986031,"['#풋웨어', '#데일리양말', '#기본양말', '#여름양말', '#면양말', '#삭스', '#라이트웨이트컬렉션', '#라이트웨이트', '#세트상품']"
80,[유아인 착용 상품] [쿨탠다드] 릴렉스 핏 크루 넥 반팔...,https://www.musinsa.com/app/goods/1388776,"['#기능성', '#MU-T', '#라운드넥', '#여름티', '#아스킨', '#무지티', '#베이직티', '#유아인착용상품']"
81,다운 푸퍼 숏 패딩 재킷 [블랙],https://www.musinsa.com/app/goods/912314,"['#점퍼', '#오리털', '#오버핏', '#푸퍼', '#숏다운', '#겨울아우터', '#셀럽아우터', '#무탠픽업', '#헤비아우터컬렉션']"
82,[유아인 착용 상품] 슬림 크롭 데님 팬츠 [라이트 인디고...,https://www.musinsa.com/app/goods/1321881,"['#슬림핏', '#워싱진', '#청바지', '#유아인착장상품', '#무탠픽업', '#시즌오프캐주얼팬츠', '#데님컬렉션']"
83,[쿨탠다드] 릴렉스 핏 크루 넥 반팔 티셔츠 2팩,https://www.musinsa.com/app/goods/2035287,"['#베이직티', '#여름티', '#무지티', '#기능성', '#라운드넥', '#세트상품', '#무지']"
84,폰테 터틀 넥 긴팔 티셔츠 [블랙],https://www.musinsa.com/app/goods/1190282,"['#기본티', '#무지티', '#이너', '#하이넥', '#MU-T', '#긴팔티', '#무탠픽업', '#긴소매티']"
85,베이식 긴팔 티셔츠 [크림],https://www.musinsa.com/app/goods/1129742,"['#기본티', '#긴팔티', '#라운드넥', '#무지티', '#MU-T', '#무탠픽업', '#긴소매티']"
86,페이크 삭스 7팩 [모노],https://www.musinsa.com/app/goods/792921,"['#기능성', '#발목양말', '#삭스', '#쿠션양말', '#풋웨어', '#세트상품']"
87,테이퍼드 밴딩 기모 10부 슬랙스 [블랙],https://www.musinsa.com/app/goods/896527,"['#스트레치', '#정장', '#퍼팩트슬랙스', '#밴딩', '#테이퍼드', '#퍼펙트슬랙스', '#기모&헤비웨이트']"
88,크루 삭스 7팩 [모노],https://www.musinsa.com/app/goods/746161,"['#기능성', '#발목양말', '#삭스', '#쿠션양말', '#풋웨어', '#세트상품', '#ACC']"
89,힛탠다드 맨즈 크루 넥 티셔츠 [블랙],https://www.musinsa.com/app/goods/1595685,"['#동내의', '#내복', '#이너웨어', '#기능성', '#발열', '#기모', '#언더웨어']"
